{"/home/user/1501-workbook/source/main.ptx": ["co-req-book"], "/home/user/1501-workbook/source/meta_frontmatter.ptx": ["meta_frontmatter", "meta_frontmatter-preface"], "/home/user/1501-workbook/source/worksheet-one.ptx": ["ch_first", "Order-of-Operations", "algebraic-to-verbal-to-algebraic", "solve-lin-eq"], "/home/user/1501-workbook/source/worksheet-two.ptx": ["ch_second", "factoring-methods", "graphs-to-numerical"], "/home/user/1501-workbook/source/worksheet-three.ptx": ["ch-three"], "/home/user/1501-workbook/source/worksheet-four.ptx": ["ch-four"], "/home/user/1501-workbook/source/worksheet-five.ptx": ["ch-five"], "/home/user/1501-workbook/source/worksheet-six.ptx": ["ch-six"], "/home/user/1501-workbook/source/worksheet-seven.ptx": ["ch-seven"], "/home/user/1501-workbook/source/worksheet-eight.ptx": ["worksheet-eight"], "/home/user/1501-workbook/source/worksheet-nine.ptx": ["worksheet-nine"], "/home/user/1501-workbook/source/worksheet-ten.ptx": ["worksheet-ten"], "/home/user/1501-workbook/source/worksheet-eleven.ptx": ["worksheet-eleven"], "/home/user/1501-workbook/source/worksheet-twelve.ptx": ["worksheet-twelve"], "/home/user/1501-workbook/source/worksheet-thirteen.ptx": ["worksheet-thirteen"], "/home/user/1501-workbook/source/worksheet-fourteen.ptx": ["worksheet-fourteen"]}